height,length,width
-0.8771374223430549,-1.57670021433662,-1.2184443831610094
-0.1809966109596779,-0.8743056428535505,-1.2184443831610094
-0.8771374223430549,-0.5231083571120158,-1.5687432024580825
